{
  "project_info": {
    "project_number": "876420278257",
    "firebase_url": "https://iot-drip-irrigation.firebaseio.com",
    "project_id": "iot-drip-irrigation",
    "storage_bucket": "iot-drip-irrigation.appspot.com"
  },
  "client": [
    {
      "client_info": {
        "mobilesdk_app_id": "1:876420278257:android:a2e8eff3058aac0839c650",
        "android_client_info": {
          "package_name": "bensalcie.likesyou.org.brainverseirrigation"
        }
      },
      "oauth_client": [
        {
          "client_id": "876420278257-vo93tnampl71s94jtdh414inqk5m80gs.apps.googleusercontent.com",
          "client_type": 1,
          "android_info": {
            "package_name": "bensalcie.likesyou.org.brainverseirrigation",
            "certificate_hash": "6aefad0b9efb6b8afc1fd053043ef6268176cdfa"
          }
        },
        {
          "client_id": "876420278257-7io3vukl57ittsh7ckkvvukj7j7sqol1.apps.googleusercontent.com",
          "client_type": 3
        }
      ],
      "api_key": [
        {
          "current_key": "AIzaSyD37_JPxCSVIa7my2VK69jDOnpxtKkvy0w"
        }
      ],
      "services": {
        "appinvite_service": {
          "other_platform_oauth_client": [
            {
              "client_id": "876420278257-7io3vukl57ittsh7ckkvvukj7j7sqol1.apps.googleusercontent.com",
              "client_type": 3
            }
          ]
        }
      }
    }
  ],
  "configuration_version": "1"
}